ts,iso,side,price,qty,setup,score,regime,atrScale,hwmScale,setup11TradeId
1682869500000,2023-04-30T15:45:00.000Z,LONG,29598.61,0.009914,S10,2,RANGE,1.416,1.000,
1682906400000,2023-05-01T02:00:00.000Z,LONG,28600.01,0.001000,agg(9),9,RANGE,0.813,1.000,
1683038700000,2023-05-02T14:45:00.000Z,LONG,28474.65,0.006605,S10,2,RANGE,0.944,1.000,
1683382500000,2023-05-06T14:15:00.000Z,LONG,28659.7,0.001066,agg(9),9,RANGE,1.066,1.000,
1683739800000,2023-05-10T17:30:00.000Z,LONG,27262.86,0.001000,agg(9),9,RANGE,0.597,1.000,
1685298600000,2023-05-28T18:30:00.000Z,SHORT,27578.17,0.001380,aggS(9),9,RANGE,1.380,1.000,
1686072600000,2023-06-06T17:30:00.000Z,SHORT,26622.4,0.001000,aggS(9),9,RANGE,0.717,1.000,
1686081600000,2023-06-06T20:00:00.000Z,SHORT,27071.98,0.001000,aggS(9),9,RANGE,0.751,1.000,
1686376800000,2023-06-10T06:00:00.000Z,LONG,25587.52,0.001000,agg(9),9,RANGE,0.767,1.000,
1686773700000,2023-06-14T20:15:00.000Z,LONG,25539.86,0.001000,agg(9),9,RANGE,0.999,1.000,
1686980700000,2023-06-17T05:45:00.000Z,LONG,26660.19,0.010264,S10,3,RANGE,1.466,1.000,
1687445100000,2023-06-22T14:45:00.000Z,LONG,29727.64,0.001000,agg(9),9,RANGE,0.780,1.000,
1687742100000,2023-06-26T01:15:00.000Z,LONG,30097.6,0.001193,agg(9),9,RANGE,1.193,1.000,
1688132700000,2023-06-30T13:45:00.000Z,LONG,29829.99,0.001000,agg(9),9,RANGE,0.669,1.000,
1688337000000,2023-07-02T22:30:00.000Z,LONG,30763.34,0.001500,S11,2,RANGE,1.500,1.000,s11_1688337000000_30763
1689360300000,2023-07-14T18:45:00.000Z,LONG,30252.86,0.009515,agg(10),10,RANGE,0.793,1.000,
1690192800000,2023-07-24T10:00:00.000Z,LONG,29256.01,0.001300,agg(9),9,RANGE,1.300,1.000,
1690404300000,2023-07-26T20:45:00.000Z,LONG,29622.7,0.001286,S11,2,RANGE,1.286,1.000,s11_1690404300000_29622
1692378900000,2023-08-18T17:15:00.000Z,LONG,25762,0.001000,agg(9),9,RANGE,0.688,1.000,
1692819900000,2023-08-23T19:45:00.000Z,LONG,26774,0.007654,S10,2,RANGE,1.093,1.000,
1693225800000,2023-08-28T12:30:00.000Z,LONG,26184.43,0.010500,S10,2,RANGE,1.500,1.000,
1693319400000,2023-08-29T14:30:00.000Z,SHORT,27256.87,0.011243,aggS(10),10,RANGE,0.937,1.000,
1693325700000,2023-08-29T16:15:00.000Z,SHORT,27707.39,0.001000,aggS(9),9,RANGE,0.550,1.000,
1694023200000,2023-09-06T18:00:00.000Z,SHORT,25872.37,0.001079,aggS(9),9,RANGE,1.079,1.000,
1694121300000,2023-09-07T21:15:00.000Z,SHORT,26344.2,0.001361,aggS(9),9,RANGE,1.361,1.000,
1697463000000,2023-10-16T13:30:00.000Z,SHORT,29215.88,0.001000,aggS(9),9,RANGE,0.696,1.000,
1697605200000,2023-10-18T05:00:00.000Z,LONG,28713.95,0.001359,S11,3,RANGE,1.359,1.000,s11_1697605200000_28713
1697772600000,2023-10-20T03:30:00.000Z,LONG,29205.29,0.001116,S11,3,RANGE,1.116,1.000,s11_1697772600000_29205
1698162300000,2023-10-24T15:45:00.000Z,LONG,33766.11,0.001000,agg(9),9,RANGE,0.462,1.000,
1698932700000,2023-11-02T13:45:00.000Z,LONG,34982.41,0.001019,agg(9),9,RANGE,1.019,1.000,
1699221600000,2023-11-05T22:00:00.000Z,LONG,34700.37,0.001310,agg(9),9,RANGE,1.310,1.000,
1699548300000,2023-11-09T16:45:00.000Z,LONG,36436.49,0.005140,agg(10),10,RANGE,0.428,1.000,
1699988400000,2023-11-14T19:00:00.000Z,LONG,35179.92,0.007017,agg(10),10,RANGE,0.585,1.000,
1700163000000,2023-11-16T19:30:00.000Z,LONG,35571.38,0.001000,agg(9),9,RANGE,0.666,1.000,
1700489700000,2023-11-20T14:15:00.000Z,LONG,36964.13,0.001261,agg(9),9,RANGE,1.261,1.000,
1701544500000,2023-12-02T19:15:00.000Z,LONG,39071,0.001372,S11,3,RANGE,1.372,1.000,s11_1701544500000_39071
1701653400000,2023-12-04T01:30:00.000Z,LONG,40723.72,0.001008,S11,3,RANGE,1.008,1.000,s11_1701653400000_40723
1701941400000,2023-12-07T09:30:00.000Z,LONG,43155.48,0.001151,agg(9),9,RANGE,1.151,1.000,
1702319400000,2023-12-11T18:30:00.000Z,LONG,40833.76,0.001000,agg(9),9,RANGE,0.660,1.000,
1702560600000,2023-12-14T13:30:00.000Z,LONG,41951.85,0.001000,agg(9),9,RANGE,0.834,1.000,
1702951200000,2023-12-19T02:00:00.000Z,SHORT,43224.09,0.001000,aggS(9),9,RANGE,0.849,1.000,
1703082600000,2023-12-20T14:30:00.000Z,SHORT,44089.66,0.001000,aggS(9),9,RANGE,0.876,1.000,
1703612700000,2023-12-26T17:45:00.000Z,LONG,41878.23,0.001000,agg(9),9,RANGE,0.924,1.000,
1704154500000,2024-01-02T00:15:00.000Z,SHORT,44555.89,0.001000,aggS(9),9,RANGE,0.998,1.000,
1704283200000,2024-01-03T12:00:00.000Z,LONG,42964.97,0.008163,agg(10),10,RANGE,0.680,1.000,
1704837600000,2024-01-09T22:00:00.000Z,LONG,45474,0.001000,agg(9),9,RANGE,0.400,1.000,
1704891600000,2024-01-10T13:00:00.000Z,LONG,44700.13,0.001000,agg(9),9,BULL,0.671,1.000,
1705073400000,2024-01-12T15:30:00.000Z,LONG,44805.73,0.001000,agg(9),9,BULL,0.680,1.000,
1705077000000,2024-01-12T16:30:00.000Z,LONG,43886.99,0.014672,agg(11),11,BULL,0.564,1.000,
1706002200000,2024-01-23T09:30:00.000Z,LONG,38976.79,0.001000,agg(9),9,RANGE,0.868,1.000,
1706269500000,2024-01-26T11:45:00.000Z,SHORT,41172.25,0.001035,aggS(9),9,RANGE,1.035,1.000,
1706736600000,2024-01-31T21:30:00.000Z,LONG,42398.7,0.001000,agg(9),9,RANGE,0.675,1.000,
1708961400000,2024-02-26T15:30:00.000Z,SHORT,52585.54,0.001294,aggS(9),9,RANGE,1.294,1.000,
1708999200000,2024-02-27T02:00:00.000Z,SHORT,55660.98,0.001000,aggS(9),9,RANGE,0.853,1.000,
1709107200000,2024-02-28T08:00:00.000Z,SHORT,58567.51,0.001237,aggS(9),9,RANGE,1.237,1.000,
1709110800000,2024-02-28T09:00:00.000Z,SHORT,59223.99,0.010302,aggS(10),10,RANGE,0.858,1.000,
1709140500000,2024-02-28T17:15:00.000Z,SHORT,63153.17,0.005298,aggS(10),10,RANGE,0.441,1.000,
1709225100000,2024-02-29T16:45:00.000Z,LONG,62031.1,0.001000,agg(9),9,RANGE,0.542,1.000,
1709228700000,2024-02-29T17:45:00.000Z,LONG,60743.42,0.005614,agg(10),10,RANGE,0.468,1.000,
1709615700000,2024-03-05T05:15:00.000Z,LONG,66528.56,0.001000,agg(9),9,RANGE,0.458,1.000,
1709655300000,2024-03-05T16:15:00.000Z,LONG,65074.83,0.004800,agg(10),10,RANGE,0.400,1.000,
1709658900000,2024-03-05T17:15:00.000Z,LONG,64321.84,0.010400,agg(11),11,RANGE,0.400,1.000,
1710261000000,2024-03-12T16:30:00.000Z,LONG,70664.8,0.006697,agg(10),10,BULL,0.558,1.000,
1710264600000,2024-03-12T17:30:00.000Z,LONG,69804.03,0.011926,agg(11),11,BULL,0.459,1.000,
1710424800000,2024-03-14T14:00:00.000Z,LONG,72033.38,0.001000,agg(9),9,BULL,0.808,1.000,
1711108800000,2024-03-22T12:00:00.000Z,LONG,64221.51,0.001000,agg(9),9,BULL,0.765,1.000,
1711116000000,2024-03-22T14:00:00.000Z,LONG,63416.07,0.007167,agg(10),10,BULL,0.597,1.000,
1711143900000,2024-03-22T21:45:00.000Z,LONG,62870.37,0.001000,agg(9),9,BULL,0.605,1.000,
1711238400000,2024-03-24T00:00:00.000Z,LONG,64166.11,0.001004,agg(9),9,BULL,1.004,1.000,
1711463400000,2024-03-26T14:30:00.000Z,LONG,69496,0.001000,agg(9),9,BULL,0.766,1.000,
1711727100000,2024-03-29T15:45:00.000Z,LONG,69421.73,0.001000,agg(9),9,BULL,0.994,1.000,
1711951200000,2024-04-01T06:00:00.000Z,LONG,69326.01,0.001211,agg(9),9,BULL,1.211,1.000,
1711984500000,2024-04-01T15:15:00.000Z,LONG,68514,0.001000,agg(9),9,BULL,0.881,1.000,
1712025000000,2024-04-02T02:30:00.000Z,LONG,68208.02,0.001000,agg(9),9,BULL,0.955,1.000,
1712057400000,2024-04-02T11:30:00.000Z,LONG,65512,0.001000,agg(9),9,BULL,0.671,1.000,
1712295000000,2024-04-05T05:30:00.000Z,LONG,66681.97,0.001000,agg(9),9,BULL,0.786,1.000,
1712673900000,2024-04-09T14:45:00.000Z,LONG,68850.6,0.001000,agg(9),9,BULL,0.721,1.000,
1712753100000,2024-04-10T12:45:00.000Z,LONG,67928.62,0.001000,agg(9),9,BULL,0.879,1.000,
1712946600000,2024-04-12T18:30:00.000Z,LONG,66560,0.001000,agg(9),9,BULL,0.602,1.000,
1713115800000,2024-04-14T17:30:00.000Z,LONG,63725.47,0.001000,agg(9),9,RANGE,0.552,1.000,
1713190500000,2024-04-15T14:15:00.000Z,LONG,65497,0.001000,agg(9),9,RANGE,0.719,1.000,
1713364200000,2024-04-17T14:30:00.000Z,LONG,60932.88,0.001000,agg(9),9,RANGE,0.597,1.000,
1713367800000,2024-04-17T15:30:00.000Z,LONG,60193.36,0.001000,agg(9),9,RANGE,0.461,1.000,
1713438900000,2024-04-18T11:15:00.000Z,SHORT,62684.17,0.001000,aggS(9),9,RANGE,0.851,1.000,
1713489300000,2024-04-19T01:15:00.000Z,LONG,62144,0.001000,agg(9),9,RANGE,0.778,1.000,
1713510000000,2024-04-19T07:00:00.000Z,SHORT,64876.74,0.010914,aggS(11),11,RANGE,0.437,1.000,
1713969900000,2024-04-24T14:45:00.000Z,LONG,65249.01,0.001000,agg(9),9,RANGE,0.899,1.000,
1714181400000,2024-04-27T01:30:00.000Z,LONG,62730,0.001000,agg(9),9,RANGE,0.986,1.000,
1714466700000,2024-04-30T08:45:00.000Z,LONG,62118,0.001084,agg(9),9,RANGE,1.084,1.000,
1714507200000,2024-04-30T20:00:00.000Z,LONG,59846.21,0.001000,agg(9),9,RANGE,0.597,1.000,
1714548600000,2024-05-01T07:30:00.000Z,LONG,57576.07,0.015286,agg(11),11,RANGE,0.588,1.000,
1714589100000,2024-05-01T18:45:00.000Z,SHORT,58688.57,0.001000,aggS(9),9,RANGE,0.498,1.000,
1714742100000,2024-05-03T13:15:00.000Z,SHORT,61019.64,0.001000,aggS(9),9,RANGE,0.740,1.000,
1714768200000,2024-05-03T20:30:00.000Z,SHORT,62761.12,0.001000,aggS(9),9,RANGE,0.893,1.000,
1715352300000,2024-05-10T14:45:00.000Z,LONG,61501.23,0.001000,agg(9),9,RANGE,0.823,1.000,
1715587200000,2024-05-13T08:00:00.000Z,SHORT,62440,0.001044,aggS(9),9,RANGE,1.044,1.000,
1715777100000,2024-05-15T12:45:00.000Z,SHORT,63783.99,0.001000,aggS(9),9,RANGE,0.846,1.000,
1715780700000,2024-05-15T13:45:00.000Z,LONG,64381.54,0.005214,S10,2,RANGE,0.745,1.000,
1715780700000,2024-05-15T13:45:00.000Z,SHORT,64381.54,0.001000,aggS(9),9,RANGE,0.745,1.000,
1716471900000,2024-05-23T13:45:00.000Z,LONG,68166.89,0.001000,agg(9),9,RANGE,0.980,1.000,
1716495300000,2024-05-23T20:15:00.000Z,LONG,67364.02,0.001000,agg(9),9,RANGE,0.744,1.000,
1716867900000,2024-05-28T03:45:00.000Z,LONG,67870,0.001052,agg(9),9,RANGE,1.052,1.000,
1717166700000,2024-05-31T14:45:00.000Z,LONG,67466.27,0.001013,agg(9),9,RANGE,1.013,1.000,
1717172100000,2024-05-31T16:15:00.000Z,LONG,66721.35,0.001000,agg(9),9,RANGE,0.952,1.000,
1717783200000,2024-06-07T18:00:00.000Z,LONG,69111,0.001027,agg(9),9,RANGE,1.027,1.000,
1718073000000,2024-06-11T02:30:00.000Z,LONG,68046.43,0.001206,agg(9),9,RANGE,1.206,1.000,
1718222400000,2024-06-12T20:00:00.000Z,LONG,67514.84,0.001000,agg(9),9,RANGE,0.669,1.000,
1718293500000,2024-06-13T15:45:00.000Z,LONG,66605.3,0.001000,agg(9),9,RANGE,0.819,1.000,
1718381700000,2024-06-14T16:15:00.000Z,LONG,65834.22,0.001000,agg(9),9,RANGE,0.978,1.000,
1718646300000,2024-06-17T17:45:00.000Z,SHORT,66326.94,0.001000,aggS(9),9,RANGE,0.901,1.000,
1718675100000,2024-06-18T01:45:00.000Z,LONG,64857.99,0.001000,agg(9),9,RANGE,0.797,1.000,
1719222300000,2024-06-24T09:45:00.000Z,LONG,61314.14,0.001000,agg(9),9,RANGE,0.708,1.000,
1719976500000,2024-07-03T03:15:00.000Z,LONG,60896.02,0.001176,agg(9),9,RANGE,1.176,1.000,
1720057500000,2024-07-04T01:45:00.000Z,LONG,59272.01,0.001000,agg(9),9,RANGE,0.988,1.000,
1720082700000,2024-07-04T08:45:00.000Z,LONG,57620.5,0.001000,agg(9),9,RANGE,0.735,1.000,
1720136700000,2024-07-04T23:45:00.000Z,LONG,57251.1,0.001000,agg(9),9,RANGE,0.767,1.000,
1720148400000,2024-07-05T03:00:00.000Z,LONG,55650.7,0.006324,agg(11),11,BEAR,0.486,1.000,
1720399500000,2024-07-08T00:45:00.000Z,LONG,55209.36,0.001000,agg(9),9,BEAR,0.711,1.000,
1720427400000,2024-07-08T08:30:00.000Z,SHORT,56687.86,0.001000,aggS(9),9,BEAR,0.703,1.000,
1720449000000,2024-07-08T14:30:00.000Z,LONG,55337.07,0.001000,agg(9),9,BEAR,0.489,1.000,
1720585800000,2024-07-10T04:30:00.000Z,SHORT,59038,0.001000,aggS(9),9,BEAR,0.825,1.000,
1720994400000,2024-07-14T22:00:00.000Z,SHORT,61158,0.001103,aggS(9),9,RANGE,1.103,1.000,
1721081700000,2024-07-15T22:15:00.000Z,LONG,64090.01,0.005908,S10,3,RANGE,0.844,1.000,
1721107800000,2024-07-16T05:30:00.000Z,LONG,64130.03,0.001082,agg(9),9,BULL,1.082,1.000,
1721113200000,2024-07-16T07:00:00.000Z,LONG,63137.99,0.001000,agg(9),9,BULL,0.838,1.000,
1721315700000,2024-07-18T15:15:00.000Z,LONG,63660.95,0.001032,agg(9),9,BULL,1.032,1.000,
1721585700000,2024-07-21T18:15:00.000Z,LONG,66483.65,0.001000,agg(9),9,BULL,0.860,1.000,
1722112200000,2024-07-27T20:30:00.000Z,LONG,67064.03,0.007438,agg(10),10,BULL,0.620,1.000,
1722265200000,2024-07-29T15:00:00.000Z,LONG,68258.74,0.001000,agg(9),9,RANGE,0.898,1.000,
1722299400000,2024-07-30T00:30:00.000Z,LONG,66429.68,0.001000,agg(9),9,RANGE,0.886,1.000,
1722793500000,2024-08-04T17:45:00.000Z,LONG,57835.99,0.018705,agg(10)+S9,10,BEAR,0.603,1.000,
1722838500000,2024-08-05T06:15:00.000Z,LONG,50894,0.001000,agg(9),9,BEAR,0.400,1.000,
1722862800000,2024-08-05T13:00:00.000Z,LONG,50083.16,0.012400,agg(10)+S9,10,BEAR,0.400,1.000,
1722869100000,2024-08-05T14:45:00.000Z,SHORT,53881.24,0.001000,aggS(9),9,BEAR,0.400,1.000,
1723041000000,2024-08-07T14:30:00.000Z,LONG,55998.14,0.001000,agg(9),9,BEAR,0.668,1.000,
1723081500000,2024-08-08T01:45:00.000Z,SHORT,56704.01,0.005890,aggS(10),10,BEAR,0.491,1.000,
1723121100000,2024-08-08T12:45:00.000Z,SHORT,57864.95,0.001000,aggS(9),9,BEAR,0.727,1.000,
1723153500000,2024-08-08T21:45:00.000Z,SHORT,60473.77,0.001000,aggS(9),9,BEAR,0.711,1.000,
1723158000000,2024-08-08T23:00:00.000Z,SHORT,62249.99,0.006218,aggS(10),10,BEAR,0.518,1.000,
1723408200000,2024-08-11T20:30:00.000Z,LONG,58604.99,0.004687,agg(10),10,BEAR,0.781,1.000,
1723644000000,2024-08-14T14:00:00.000Z,LONG,59522,0.001000,agg(9),9,BEAR,0.622,1.000,
1723745700000,2024-08-15T18:15:00.000Z,LONG,57606.37,0.001000,agg(9),9,BEAR,0.655,1.000,
1723749300000,2024-08-15T19:15:00.000Z,LONG,57269.65,0.001000,agg(9),9,BEAR,0.569,1.000,
1724025600000,2024-08-19T00:00:00.000Z,LONG,58374,0.001000,agg(9),9,BEAR,1.183,1.000,
1724116500000,2024-08-20T01:15:00.000Z,SHORT,60574.98,0.001000,aggS(9),9,BEAR,0.825,1.000,
1724166900000,2024-08-20T15:15:00.000Z,LONG,59171.97,0.001000,agg(9),9,BEAR,0.731,1.000,
1724270400000,2024-08-21T20:00:00.000Z,SHORT,61799.01,0.001000,aggS(9),9,BEAR,0.748,1.000,
1724295600000,2024-08-22T03:00:00.000Z,LONG,60175.9,0.001000,agg(9),9,BEAR,0.925,1.000,
1724436000000,2024-08-23T18:00:00.000Z,SHORT,63105.93,0.001000,aggS(9),9,BEAR,0.724,1.000,
1724448600000,2024-08-23T21:30:00.000Z,SHORT,64399.74,0.001000,aggS(9),9,BEAR,0.711,1.000,
1724795100000,2024-08-27T21:45:00.000Z,LONG,60225.76,0.001000,agg(9),9,BEAR,0.923,1.000,
1724862600000,2024-08-28T16:30:00.000Z,LONG,58319.14,0.001000,agg(9),9,BEAR,0.630,1.000,
1725030000000,2024-08-30T15:00:00.000Z,LONG,58492,0.001000,agg(9),9,BEAR,0.791,1.000,
1725200100000,2024-09-01T14:15:00.000Z,LONG,57807.95,0.001000,agg(9),9,BEAR,0.956,1.000,
1725372900000,2024-09-03T14:15:00.000Z,LONG,57927.01,0.001000,agg(9),9,BEAR,1.064,1.000,
1725412500000,2024-09-04T01:15:00.000Z,LONG,56121.11,0.008950,agg(11),11,BEAR,0.688,1.000,
1725633000000,2024-09-06T14:30:00.000Z,LONG,54843,0.001000,agg(9),9,BEAR,0.565,1.000,
1725656400000,2024-09-06T21:00:00.000Z,LONG,53093,0.001000,agg(9),9,BEAR,0.494,1.000,
1725917400000,2024-09-09T21:30:00.000Z,SHORT,57580.01,0.001000,aggS(9),9,BEAR,0.784,1.000,
1726242300000,2024-09-13T15:45:00.000Z,SHORT,59616.36,0.001000,aggS(9),9,BEAR,0.903,1.000,
1727795700000,2024-10-01T15:15:00.000Z,LONG,62239.55,0.004745,agg(10),10,BEAR,0.791,1.000,
1727803800000,2024-10-01T17:30:00.000Z,LONG,61726,0.001000,agg(9),9,BEAR,0.621,1.000,
1727815500000,2024-10-01T20:45:00.000Z,LONG,60745.49,0.001000,agg(9),9,BEAR,0.574,1.000,
1727897400000,2024-10-02T19:30:00.000Z,LONG,60300,0.001000,agg(9),9,BEAR,0.669,1.000,
1728584100000,2024-10-10T18:15:00.000Z,LONG,59126.74,0.001000,agg(9),9,BEAR,0.783,1.000,
1729879200000,2024-10-25T18:00:00.000Z,LONG,66624.01,0.001000,agg(9),9,RANGE,0.858,1.000,
1730169000000,2024-10-29T02:30:00.000Z,SHORT,71356,0.001000,aggS(9),9,RANGE,0.950,1.000,
1730384100000,2024-10-31T14:15:00.000Z,LONG,71260,0.001248,agg(9),9,RANGE,1.248,1.000,
1730427300000,2024-11-01T02:15:00.000Z,LONG,69258.01,0.001000,agg(9),9,RANGE,0.872,1.000,
1730476800000,2024-11-01T16:00:00.000Z,LONG,69708.91,0.001000,agg(9),9,RANGE,0.645,1.000,
1731408300000,2024-11-12T10:45:00.000Z,LONG,85479.98,0.001000,agg(9),9,BULL,0.518,1.000,
1731596400000,2024-11-14T15:00:00.000Z,LONG,89115.98,0.001000,agg(9),9,BULL,0.556,1.000,
1731935700000,2024-11-18T13:15:00.000Z,LONG,89748.05,0.001000,agg(9),9,BULL,0.879,1.000,
1731944700000,2024-11-18T15:45:00.000Z,LONG,92068,0.004370,S10,3,BULL,0.624,1.000,
1732452300000,2024-11-24T12:45:00.000Z,LONG,96587.97,0.001384,agg(9),9,BULL,1.384,1.000,
1732545900000,2024-11-25T14:45:00.000Z,LONG,96199.97,0.001129,agg(9),9,BULL,1.129,1.000,
1732609800000,2024-11-26T08:30:00.000Z,LONG,92400.08,0.001000,agg(9),9,BULL,0.855,1.000,
1733112000000,2024-12-02T04:00:00.000Z,LONG,96488.27,0.001181,agg(9),9,RANGE,1.181,1.000,
1733150700000,2024-12-02T14:45:00.000Z,SHORT,96475.91,0.001045,aggS(9),9,RANGE,1.045,1.000,
1733343300000,2024-12-04T20:15:00.000Z,SHORT,98491.99,0.001000,aggS(9),9,RANGE,0.849,1.000,
1733366700000,2024-12-05T02:45:00.000Z,SHORT,101249.26,0.007929,aggS(10),10,RANGE,0.661,1.000,
1733413500000,2024-12-05T15:45:00.000Z,LONG,101116.03,0.001000,agg(9),9,RANGE,0.685,1.000,
1733778000000,2024-12-09T21:00:00.000Z,LONG,94808.63,0.001000,agg(9),9,BULL,0.735,1.000,
1733846400000,2024-12-10T16:00:00.000Z,LONG,95769.83,0.001000,agg(9),9,BULL,0.674,1.000,
1734305400000,2024-12-15T23:30:00.000Z,LONG,104682.51,0.001080,S11,3,BULL,1.080,1.000,s11_1734305400000_104682
1734552000000,2024-12-18T20:00:00.000Z,LONG,102260.46,0.001000,agg(9),9,BULL,0.752,1.000,
1734574500000,2024-12-19T02:15:00.000Z,LONG,99814.41,0.001000,agg(9),9,BULL,0.622,1.000,
1734622200000,2024-12-19T15:30:00.000Z,LONG,99816.73,0.001000,agg(9),9,BULL,0.804,1.000,
1734632100000,2024-12-19T18:15:00.000Z,LONG,97485,0.001000,agg(9),9,BULL,0.543,1.000,
1734637500000,2024-12-19T19:45:00.000Z,LONG,96825.54,0.001000,agg(9),9,BULL,0.484,1.000,
1734689700000,2024-12-20T10:15:00.000Z,LONG,94702.01,0.007201,agg(10),10,BULL,0.600,1.000,
1734787800000,2024-12-21T13:30:00.000Z,LONG,96798.14,0.001000,agg(9),9,BULL,0.960,1.000,
1734877800000,2024-12-22T14:30:00.000Z,LONG,95704.02,0.001205,agg(9),9,BULL,1.205,1.000,
1734965100000,2024-12-23T14:45:00.000Z,LONG,93943.99,0.001000,agg(9),9,BULL,0.812,1.000,
1735200900000,2024-12-26T08:15:00.000Z,LONG,96374.97,0.001121,agg(9),9,BULL,1.121,1.000,
1735285500000,2024-12-27T07:45:00.000Z,LONG,95174.43,0.001111,agg(9),9,BULL,1.111,1.000,
1735310700000,2024-12-27T14:45:00.000Z,LONG,95223.19,0.001000,agg(9),9,BULL,0.974,1.000,
1735569900000,2024-12-30T14:45:00.000Z,LONG,92271.29,0.001090,agg(9),9,RANGE,1.090,1.000,
1735633800000,2024-12-31T08:30:00.000Z,SHORT,94333.35,0.001256,aggS(9),9,RANGE,1.256,1.000,
1736948700000,2025-01-15T13:45:00.000Z,SHORT,98939.61,0.001155,aggS(9),9,RANGE,1.155,1.000,
1737316800000,2025-01-19T20:00:00.000Z,SHORT,106357.57,0.001186,aggS(9),9,RANGE,1.186,1.000,
1737324000000,2025-01-19T22:00:00.000Z,LONG,103084.52,0.001000,agg(9),9,RANGE,0.725,1.000,
1737328500000,2025-01-19T23:15:00.000Z,LONG,100551.86,0.005235,agg(10),10,RANGE,0.436,1.000,
1737388800000,2025-01-20T16:00:00.000Z,LONG,105480,0.001000,agg(9),9,RANGE,0.480,1.000,
1737421200000,2025-01-21T01:00:00.000Z,LONG,101926,0.001000,agg(9),9,BULL,0.420,1.000,
1737666000000,2025-01-23T21:00:00.000Z,LONG,103102.85,0.001000,agg(9),9,BULL,0.400,1.000,
1737933300000,2025-01-26T23:15:00.000Z,LONG,103124.84,0.001500,agg(9),9,BULL,1.500,1.000,
1737939600000,2025-01-27T01:00:00.000Z,LONG,101972.1,0.001034,agg(9),9,BULL,1.034,1.000,
1737960300000,2025-01-27T06:45:00.000Z,LONG,98926.83,0.001000,agg(9),9,BULL,0.785,1.000,
1738349100000,2025-01-31T18:45:00.000Z,LONG,103027.99,0.001000,agg(9),9,BULL,0.940,1.000,
1738519200000,2025-02-02T18:00:00.000Z,LONG,97385.86,0.001000,agg(9),9,BULL,0.861,1.000,
1738547100000,2025-02-03T01:45:00.000Z,LONG,93359.99,0.004872,agg(10),10,RANGE,0.406,1.000,
1738596600000,2025-02-03T15:30:00.000Z,SHORT,98342.3,0.005864,aggS(10),10,RANGE,0.489,1.000,
1740495600000,2025-02-25T15:00:00.000Z,LONG,86944.22,0.001000,agg(9),9,RANGE,0.524,1.000,
1740579300000,2025-02-26T14:15:00.000Z,LONG,86206.28,0.001000,agg(9),9,RANGE,0.899,1.000,
1740594600000,2025-02-26T18:30:00.000Z,LONG,85088,0.001000,agg(9),9,RANGE,0.483,1.000,
1740668400000,2025-02-27T15:00:00.000Z,LONG,84955.65,0.001000,agg(9),9,RANGE,0.663,1.000,
1740707100000,2025-02-28T01:45:00.000Z,LONG,82272.22,0.001000,agg(9),9,RANGE,0.575,1.000,
1740710700000,2025-02-28T02:45:00.000Z,LONG,79799.91,0.010400,agg(11),11,RANGE,0.400,1.000,
1740935700000,2025-03-02T17:15:00.000Z,LONG,92461.66,0.002908,S10,1,RANGE,0.415,1.000,
1741013100000,2025-03-03T14:45:00.000Z,LONG,91110.55,0.001000,agg(9),9,RANGE,0.582,1.000,
1741032000000,2025-03-03T20:00:00.000Z,LONG,85942.42,0.004800,agg(10),10,RANGE,0.400,1.000,
1741052700000,2025-03-04T01:45:00.000Z,LONG,82835.99,0.001000,agg(9),9,RANGE,0.406,1.000,
1741115700000,2025-03-04T19:15:00.000Z,SHORT,88056.82,0.004800,aggS(10),10,RANGE,0.400,1.000,
1741170600000,2025-03-05T10:30:00.000Z,SHORT,90327.01,0.001000,aggS(9),9,RANGE,0.867,1.000,
1741272300000,2025-03-06T14:45:00.000Z,LONG,89725.97,0.001000,agg(9),9,RANGE,0.731,1.000,
1741307400000,2025-03-07T00:30:00.000Z,LONG,87033.7,0.004803,agg(10),10,RANGE,0.400,1.000,
1741616100000,2025-03-10T14:15:00.000Z,LONG,79733.99,0.001000,agg(9),9,BEAR,0.442,1.000,
1741653000000,2025-03-11T00:30:00.000Z,LONG,77063.55,0.002907,agg(10),10,BEAR,0.484,1.000,
1742141700000,2025-03-16T16:15:00.000Z,SHORT,84287.14,0.001000,aggS(9),9,RANGE,0.824,1.000,
1743585300000,2025-04-02T09:15:00.000Z,SHORT,85121.57,0.001292,aggS(9),9,BEAR,1.292,1.000,
1743608700000,2025-04-02T15:45:00.000Z,SHORT,86911.2,0.001000,aggS(9),9,BEAR,0.792,1.000,
1743624900000,2025-04-02T20:15:00.000Z,SHORT,87922,0.001000,aggS(9),9,BEAR,0.678,1.000,
1744007400000,2025-04-07T06:30:00.000Z,LONG,75386.05,0.001000,agg(9),9,BEAR,0.488,1.000,
1744035300000,2025-04-07T14:15:00.000Z,SHORT,80243.1,0.010000,aggS(11),11,BEAR,0.400,1.000,
1744162200000,2025-04-09T01:30:00.000Z,LONG,75405.05,0.003483,agg(10),10,BEAR,0.580,1.000,
1744220700000,2025-04-09T17:45:00.000Z,SHORT,81356,0.001000,aggS(9),9,BEAR,0.410,1.000,
1744299900000,2025-04-10T15:45:00.000Z,LONG,78706.17,0.001000,agg(9),9,BEAR,0.632,1.000,
1744393500000,2025-04-11T17:45:00.000Z,SHORT,83842.01,0.001000,aggS(9),9,BEAR,0.688,1.000,
1744573500000,2025-04-13T19:45:00.000Z,LONG,83803.89,0.001000,agg(9),9,BEAR,0.899,1.000,
1744826400000,2025-04-16T18:00:00.000Z,LONG,83777.99,0.001000,agg(9),9,BEAR,0.780,1.000,
1745848800000,2025-04-28T14:00:00.000Z,LONG,94332.98,0.001136,agg(9),9,RANGE,1.136,1.000,
1746020700000,2025-04-30T13:45:00.000Z,LONG,93780.82,0.001370,agg(9),9,RANGE,1.370,1.000,
1748001600000,2025-05-23T12:00:00.000Z,LONG,108642.3,0.001209,agg(9),9,RANGE,1.209,1.000,
1748211300000,2025-05-25T22:15:00.000Z,LONG,108285.15,0.009861,S10,3,RANGE,1.409,1.000,
1748526300000,2025-05-29T13:45:00.000Z,LONG,107476.53,0.001500,agg(9),9,RANGE,1.500,1.000,
1749151800000,2025-06-05T19:30:00.000Z,LONG,102390.42,0.001000,agg(9),9,RANGE,0.941,1.000,
1749156300000,2025-06-05T20:45:00.000Z,LONG,101138.15,0.001000,agg(9),9,RANGE,0.836,1.000,
1749761100000,2025-06-12T20:45:00.000Z,LONG,105888.97,0.001000,agg(9),9,RANGE,0.995,1.000,
1749774600000,2025-06-13T00:30:00.000Z,LONG,103389.99,0.001000,agg(9),9,RANGE,0.823,1.000,
1750119300000,2025-06-17T00:15:00.000Z,LONG,106614.67,0.001078,agg(9),9,RANGE,1.078,1.000,
1750431600000,2025-06-20T15:00:00.000Z,LONG,104152.24,0.001228,agg(9),9,RANGE,1.228,1.000,
1750440600000,2025-06-20T17:30:00.000Z,LONG,102760,0.001064,agg(9),9,RANGE,1.064,1.000,
1750716900000,2025-06-23T22:15:00.000Z,SHORT,105127.99,0.009429,aggS(10),10,RANGE,0.786,1.000,
1752544800000,2025-07-15T02:00:00.000Z,LONG,118783.48,0.001183,agg(9),9,RANGE,1.183,1.000,
1752549300000,2025-07-15T03:15:00.000Z,LONG,117200.01,0.001026,agg(9),9,RANGE,1.026,1.000,
1753049700000,2025-07-20T22:15:00.000Z,LONG,116935.3,0.001500,agg(9),9,RANGE,1.500,1.000,
1753415100000,2025-07-25T03:45:00.000Z,LONG,115682.01,0.001374,agg(9),9,RANGE,1.374,1.000,
1753902000000,2025-07-30T19:00:00.000Z,LONG,116000.01,0.001259,agg(9),9,RANGE,1.259,1.000,
1754404200000,2025-08-05T14:30:00.000Z,LONG,113014.01,0.001332,agg(9),9,RANGE,1.332,1.000,
1754795700000,2025-08-10T03:15:00.000Z,SHORT,117945.36,0.001500,aggS(9),9,RANGE,1.500,1.000,
1755176400000,2025-08-14T13:00:00.000Z,LONG,118215.84,0.001000,agg(9),9,RANGE,0.825,1.000,
1755613800000,2025-08-19T14:30:00.000Z,LONG,114343.62,0.001420,agg(9),9,RANGE,1.420,1.000,
1755872100000,2025-08-22T14:15:00.000Z,SHORT,115029.88,0.001000,aggS(9),9,RANGE,0.966,1.000,
1755875700000,2025-08-22T15:15:00.000Z,SHORT,116914.62,0.009918,aggS(10),10,RANGE,0.826,1.000,
1756151100000,2025-08-25T19:45:00.000Z,LONG,111340.01,0.001129,agg(9),9,RANGE,1.129,1.000,
1756713600000,2025-09-01T08:00:00.000Z,SHORT,109695.38,0.001390,aggS(9),9,RANGE,1.390,1.000,
1756782000000,2025-09-02T03:00:00.000Z,SHORT,110138.34,0.001305,aggS(9),9,RANGE,1.305,1.000,
1757026800000,2025-09-04T23:00:00.000Z,SHORT,111638.84,0.001500,aggS(9),9,RANGE,1.500,1.000,
1757082600000,2025-09-05T14:30:00.000Z,LONG,110950.05,0.001000,agg(9),9,RANGE,0.969,1.000,
1757429100000,2025-09-09T14:45:00.000Z,LONG,111801.28,0.001467,agg(9),9,RANGE,1.467,1.000,
1759155300000,2025-09-29T14:15:00.000Z,SHORT,113663.99,0.001500,aggS(9),9,RANGE,1.500,1.000,
1759508100000,2025-10-03T16:15:00.000Z,SHORT,123062.64,0.001247,aggS(9),9,RANGE,1.247,1.000,
1759657500000,2025-10-05T09:45:00.000Z,LONG,123222.9,0.001328,agg(9),9,RANGE,1.328,1.000,
1759846500000,2025-10-07T14:15:00.000Z,LONG,122992.66,0.001273,agg(9),9,RANGE,1.273,1.000,
1759850100000,2025-10-07T15:15:00.000Z,LONG,122183.17,0.001064,agg(9),9,RANGE,1.064,1.000,
1760029200000,2025-10-09T17:00:00.000Z,LONG,119939.23,0.001000,agg(9),9,RANGE,0.906,1.000,
1760110200000,2025-10-10T15:30:00.000Z,LONG,118669.25,0.001025,agg(9),9,RANGE,1.025,1.000,
1760932800000,2025-10-20T04:00:00.000Z,SHORT,110273.12,0.001066,aggS(9),9,RANGE,1.066,1.000,
1761049800000,2025-10-21T12:30:00.000Z,SHORT,108910.03,0.001241,aggS(9),9,RANGE,1.241,1.000,
1761058800000,2025-10-21T15:00:00.000Z,SHORT,111994.78,0.007873,aggS(10),10,RANGE,0.656,1.000,
1762276500000,2025-11-04T17:15:00.000Z,LONG,100923.41,0.001000,agg(9),9,BEAR,0.706,1.000,
1762443900000,2025-11-06T15:45:00.000Z,LONG,101845.16,0.001000,agg(9),9,BEAR,0.838,1.000,
1762447500000,2025-11-06T16:45:00.000Z,LONG,100520.14,0.001000,agg(9),9,BEAR,0.717,1.000,
1762514100000,2025-11-07T11:15:00.000Z,LONG,100126.96,0.001000,agg(9),9,BEAR,1.184,1.000,
1762698600000,2025-11-09T14:30:00.000Z,SHORT,103575.75,0.001456,aggS(9),9,BEAR,1.456,1.000,
1762786800000,2025-11-10T15:00:00.000Z,LONG,105152.64,0.001000,agg(9),9,BEAR,1.256,1.000,
1762938900000,2025-11-12T09:15:00.000Z,SHORT,104954.56,0.001465,aggS(9),9,BEAR,1.465,1.000,
1762962300000,2025-11-12T15:45:00.000Z,LONG,102586.58,0.001000,agg(9),9,BEAR,0.942,1.000,
1763045100000,2025-11-13T14:45:00.000Z,LONG,102221.03,0.001000,agg(9),9,BEAR,1.003,1.000,
1763095500000,2025-11-14T04:45:00.000Z,LONG,97248.78,0.004101,agg(10),10,BEAR,0.683,1.000,
1763124300000,2025-11-14T12:45:00.000Z,LONG,95351.82,0.001000,agg(9),9,BEAR,0.668,1.000,
1763387100000,2025-11-17T13:45:00.000Z,LONG,93742.55,0.001000,agg(9),9,BEAR,1.089,1.000,
1763568000000,2025-11-19T16:00:00.000Z,LONG,90006,0.001000,agg(9),9,BEAR,0.708,1.000,
1763655300000,2025-11-20T16:15:00.000Z,LONG,88735.08,0.003582,agg(10),10,BEAR,0.597,1.000,
1763694000000,2025-11-21T03:00:00.000Z,LONG,85681.65,0.001000,agg(9),9,BEAR,0.596,1.000,
1763728200000,2025-11-21T12:30:00.000Z,LONG,81699.83,0.001000,agg(9),9,BEAR,0.469,1.000,
1764178200000,2025-11-26T17:30:00.000Z,SHORT,88988.01,0.001000,aggS(9),9,BEAR,0.883,1.000,
1764340200000,2025-11-28T14:30:00.000Z,SHORT,92580.12,0.001200,aggS(9),9,BEAR,1.200,1.000,
1764548100000,2025-12-01T00:15:00.000Z,LONG,88719.99,0.001000,agg(9),9,BEAR,1.112,1.000,
1764603900000,2025-12-01T15:45:00.000Z,LONG,84314.51,0.001000,agg(9),9,BEAR,0.729,1.000,
1764953100000,2025-12-05T16:45:00.000Z,LONG,88386,0.003927,agg(10),10,BEAR,0.654,1.000,
1765145700000,2025-12-07T22:15:00.000Z,LONG,89300.01,0.001000,agg(9),9,BEAR,0.853,1.000,
1765206000000,2025-12-08T15:00:00.000Z,LONG,90952.33,0.001000,agg(9),9,BEAR,1.051,1.000,
1765553400000,2025-12-12T15:30:00.000Z,LONG,90624.46,0.001000,agg(9),9,BEAR,1.141,1.000,
1765810800000,2025-12-15T15:00:00.000Z,LONG,87503.22,0.001000,agg(9),9,BEAR,1.051,1.000,
1765817100000,2025-12-15T16:45:00.000Z,LONG,86202.46,0.004577,agg(10),10,BEAR,0.763,1.000,
1765983600000,2025-12-17T15:00:00.000Z,SHORT,89597.53,0.009384,aggS(10),10,BEAR,0.782,1.000,
1766087100000,2025-12-18T19:45:00.000Z,LONG,84759.6,0.001000,agg(9),9,BEAR,0.524,1.000,
1766115000000,2025-12-19T03:30:00.000Z,SHORT,87186,0.001000,aggS(9),9,BEAR,0.813,1.000,
1766762100000,2025-12-26T15:15:00.000Z,LONG,86908.69,0.001000,agg(9),9,BEAR,1.197,1.000,
1766974500000,2025-12-29T02:15:00.000Z,SHORT,89032.76,0.001447,aggS(9),9,BEAR,1.447,1.000,
1766979900000,2025-12-29T03:45:00.000Z,SHORT,89916.33,0.001284,aggS(9),9,BEAR,1.284,1.000,
1767001500000,2025-12-29T09:45:00.000Z,LONG,88076.2,0.001000,agg(9),9,BEAR,1.248,1.000,
1767199500000,2025-12-31T16:45:00.000Z,LONG,87495.66,0.001000,agg(9),9,BEAR,1.389,1.000,
1767722400000,2026-01-06T18:00:00.000Z,LONG,91717.92,0.001000,agg(9),9,BEAR,0.963,1.000,
1768320000000,2026-01-13T16:00:00.000Z,SHORT,93593.05,0.001099,aggS(9),9,BEAR,1.099,1.000,
1768342500000,2026-01-13T22:15:00.000Z,SHORT,95329.81,0.001000,aggS(9),9,BEAR,0.896,1.000,
1768402800000,2026-01-14T15:00:00.000Z,SHORT,96373.48,0.001253,aggS(9),9,BEAR,1.253,1.000,
1768780800000,2026-01-19T00:00:00.000Z,LONG,92977.7,0.001000,agg(9),9,BEAR,1.500,1.000,
1769014800000,2026-01-21T17:00:00.000Z,LONG,88090.28,0.001000,agg(9),9,BEAR,0.662,1.000,
1769095800000,2026-01-22T15:30:00.000Z,LONG,88692.42,0.001000,agg(9),9,BEAR,1.221,1.000,
1769366700000,2026-01-25T18:45:00.000Z,LONG,87285.77,0.001000,agg(9),9,BEAR,1.178,1.000,
1769699700000,2026-01-29T15:15:00.000Z,LONG,85547.05,0.006028,agg(10),10,BEAR,1.005,1.000,
1769737500000,2026-01-30T01:45:00.000Z,LONG,82018.85,0.008902,agg(11),11,BEAR,0.685,1.000,
1769870700000,2026-01-31T14:45:00.000Z,LONG,81097.67,0.001000,agg(9),9,BEAR,0.940,1.000,
1770143400000,2026-02-03T18:30:00.000Z,LONG,74240,0.015817,agg(10)+S9,10,BEAR,0.510,1.000,
1770217200000,2026-02-04T15:00:00.000Z,LONG,74498.01,0.001000,agg(9),9,BEAR,0.662,1.000,
1770223500000,2026-02-04T16:45:00.000Z,LONG,73277.4,0.001000,agg(9),9,BEAR,0.461,1.000,
1770304500000,2026-02-05T15:15:00.000Z,LONG,68296.72,0.001000,agg(9),9,BEAR,0.400,1.000,
1770323400000,2026-02-05T20:30:00.000Z,LONG,63729.09,0.005200,agg(11),11,BEAR,0.400,1.000,
1770336900000,2026-02-06T00:15:00.000Z,LONG,60081.74,0.010200,agg(9)+S9,9,BEAR,0.400,1.000,
1770389100000,2026-02-06T14:45:00.000Z,SHORT,68241.1,0.005918,aggS(10),10,BEAR,0.493,1.000,
1770394500000,2026-02-06T16:15:00.000Z,SHORT,69620.27,0.001000,aggS(9),9,BEAR,0.426,1.000,
1770447600000,2026-02-07T07:00:00.000Z,LONG,68776.36,0.001000,agg(9),9,BEAR,0.540,1.000,
1770451200000,2026-02-07T08:00:00.000Z,LONG,68099.6,0.002485,agg(10),10,BEAR,0.414,1.000,
1770540300000,2026-02-08T08:45:00.000Z,SHORT,70584,0.001000,aggS(9),9,BEAR,0.922,1.000,
1770633900000,2026-02-09T10:45:00.000Z,LONG,68450.87,0.001000,agg(9),9,BEAR,0.721,1.000,
1770659100000,2026-02-09T17:45:00.000Z,SHORT,70783.55,0.001000,aggS(9),9,BEAR,0.521,1.000,
1770734700000,2026-02-10T14:45:00.000Z,LONG,68030.41,0.001000,agg(9),9,BEAR,0.713,1.000,
1770784200000,2026-02-11T04:30:00.000Z,LONG,67572.77,0.001000,agg(9),9,BEAR,0.885,1.000,
1770790500000,2026-02-11T06:15:00.000Z,LONG,66891.13,0.001000,agg(9),9,BEAR,0.855,1.000,
1770819300000,2026-02-11T14:15:00.000Z,SHORT,68299.84,0.007932,aggS(10),10,BEAR,0.661,1.000,
1770912900000,2026-02-12T16:15:00.000Z,LONG,66557.4,0.001000,agg(9),9,BEAR,0.609,1.000,
1770996600000,2026-02-13T15:30:00.000Z,SHORT,69058.85,0.001000,aggS(9),9,BEAR,0.725,1.000,
1771160400000,2026-02-15T13:00:00.000Z,LONG,69427.76,0.001000,agg(9),9,BEAR,1.056,1.000,
1771256700000,2026-02-16T15:45:00.000Z,LONG,67485.45,0.001000,agg(9),9,BEAR,0.698,1.000,
1771595100000,2026-02-20T13:45:00.000Z,LONG,66785.48,0.005798,agg(10),10,BEAR,0.966,1.000,
1771809300000,2026-02-23T01:15:00.000Z,LONG,65111.19,0.001000,agg(9),9,BEAR,0.981,1.000,
1771863300000,2026-02-23T16:15:00.000Z,LONG,65491.58,0.001000,agg(9),9,BEAR,0.833,1.000,
1771867800000,2026-02-23T17:30:00.000Z,LONG,64570.38,0.001000,agg(9),9,BEAR,0.747,1.000,
1771982100000,2026-02-25T01:15:00.000Z,SHORT,65881.2,0.001000,aggS(9),9,BEAR,0.811,1.000,
1771985700000,2026-02-25T02:15:00.000Z,SHORT,66141.48,0.001000,aggS(9),9,BEAR,0.713,1.000,
1772727300000,2026-03-05T16:15:00.000Z,LONG,70883.9,0.001000,agg(9),9,BEAR,0.582,1.000,
1772806500000,2026-03-06T14:15:00.000Z,LONG,68983.76,0.001000,agg(9),9,BEAR,0.781,1.000,
1773008100000,2026-03-08T22:15:00.000Z,LONG,65774.2,0.001000,agg(9),9,BEAR,0.817,1.000,
1773152100000,2026-03-10T14:15:00.000Z,LONG,69594.39,0.001000,agg(9),9,BEAR,0.791,1.000,
1773837900000,2026-03-18T12:45:00.000Z,LONG,72380.62,0.001000,agg(9),9,BEAR,1.085,1.000,
1774138500000,2026-03-22T00:15:00.000Z,LONG,68904.26,0.001000,agg(9),9,BEAR,1.134,1.000,
1774608300000,2026-03-27T10:45:00.000Z,LONG,66816.67,0.001000,agg(9),9,BEAR,0.944,1.000,
1774621800000,2026-03-27T14:30:00.000Z,LONG,65896.2,0.001000,agg(9),9,BEAR,0.816,1.000,
1775096100000,2026-04-02T02:15:00.000Z,LONG,66942,0.001000,agg(9),9,BEAR,0.818,1.000,
1775958300000,2026-04-12T01:45:00.000Z,LONG,71405.4,0.001000,agg(9),9,BEAR,1.125,1.000,
1776348000000,2026-04-16T14:00:00.000Z,LONG,73697.26,0.001000,agg(9),9,BEAR,1.048,1.000,